{"seed": 123, "max_size": 20, "split": 0.1, "bs": 30, "no_epochs": 20, "no_units": 2, "dropout": 0.1, "d_model": 512, "no_heads": 8, "warmup": 4000, "smoothing": 0.0, "exp_name": "nounits2", "tlosses": [3.910743236541748, 1.8022172451019287, 1.2696723937988281, 1.058732509613037, 0.8764987587928772, 0.7497736215591431, 0.6549133658409119, 0.5817696452140808, 0.5224199891090393, 0.4716576635837555, 0.43018537759780884, 0.39485853910446167, 0.3651517927646637, 0.33961236476898193, 0.3157491981983185, 0.2975560128688812, 0.27952709794044495, 0.26615533232688904, 0.25139838457107544, 0.23944619297981262], "taccs": [0.44687166810035706, 0.6889126896858215, 0.7589603662490845, 0.7856900691986084, 0.814682126045227, 0.8366391062736511, 0.8537864089012146, 0.8679003715515137, 0.88030606508255, 0.8904114961624146, 0.8994173407554626, 0.9071086645126343, 0.9136994481086731, 0.9194891452789307, 0.9247810244560242, 0.928631067276001, 0.9330965280532837, 0.9361659288406372, 0.9398691654205322, 0.9428412914276123], "tpps": [49.93605248342895, 6.063075897183827, 3.5596861960394848, 2.8827148593301013, 2.4024733250237738, 2.1165208276906866, 1.9249757414975932, 1.7892018833800507, 1.6861030675367301, 1.6026486448117123, 1.5375425230706576, 1.4841742234553865, 1.4407326843493635, 1.4044030889205856, 1.3712862914219148, 1.3465637981418979, 1.3225042494507708, 1.3049377419607922, 1.2858222340473393, 1.270545318529032], "elosses": [2.9007458686828613, 1.7947179079055786, 1.2978941202163696, 1.2284033298492432, 0.9104841947555542, 0.7903995513916016, 0.6548481583595276, 0.5789741277694702, 0.5112547874450684, 0.4591015875339508, 0.4129977822303772, 0.3836723864078522, 0.35183078050613403, 0.3222919702529907, 0.2974717319011688, 0.2736583352088928, 0.2525276839733124, 0.23326069116592407, 0.21542158722877502, 0.20652759075164795], "eacss": [0.48795971274375916, 0.6521125435829163, 0.736236572265625, 0.7295631170272827, 0.8049792051315308, 0.8279811143875122, 0.855920135974884, 0.87225741147995, 0.885928750038147, 0.8972674608230591, 0.9066243171691895, 0.9124822020530701, 0.9196379780769348, 0.9258729815483093, 0.9320377707481384, 0.9369135499000549, 0.9416928291320801, 0.9455337524414062, 0.9495062828063965, 0.9521633982658386], "epps": [18.187705951890113, 6.017776915055848, 3.6615777004078907, 3.4157713198553985, 2.4855257205915477, 2.2042769722642745, 1.924850222770189, 1.7842071230257857, 1.6673820929716414, 1.582651472276479, 1.5113416741226224, 1.467664536059955, 1.4216679294350656, 1.3802877200853678, 1.3464503132242804, 1.3147655164050025, 1.2872751325519296, 1.2627106139263253, 1.240384717106671, 1.2294016538648334], "best_acc": 0.9521633982658386, "best_loss": 0.20652759075164795, "best_ppl": 1.2294016538648334, "best_id": 19}