{"seed": 123, "max_size": 20, "split": 0.1, "bs": 30, "no_epochs": 20, "no_units": 6, "dropout": 0.1, "d_model": 512, "no_heads": 8, "warmup": 4000, "smoothing": 0.5, "exp_name": "smoothing5", "tlosses": [4.031758785247803, 1.9988389015197754, 1.4075126647949219, 1.1846034526824951, 1.0068857669830322, 0.8849438428878784, 0.7919661402702332, 0.7180394530296326, 0.655447244644165, 0.6032278537750244, 0.557686448097229, 0.5180226564407349, 0.48245716094970703, 0.4493945837020874, 0.42098161578178406, 0.3936133086681366, 0.37037017941474915, 0.3484881818294525, 0.3275233507156372, 0.31114357709884644], "taccs": [0.41976380348205566, 0.6516196727752686, 0.7345659732818604, 0.7630602717399597, 0.7902731895446777, 0.8104878664016724, 0.8261642456054688, 0.8392991423606873, 0.8509873747825623, 0.8607680201530457, 0.8695871829986572, 0.8782119154930115, 0.8851983547210693, 0.8925261497497559, 0.8984081745147705, 0.9045808911323547, 0.9098601341247559, 0.9146552085876465, 0.9198722243309021, 0.9234782457351685], "tpps": [56.35994917555126, 7.380481655973533, 4.085780050000506, 3.2693900965038964, 2.737063873907637, 2.4228483274999246, 2.2077328743365334, 2.050409343615986, 1.9260037196262052, 1.8280098360247874, 1.7466269102476986, 1.6787049892624575, 1.6200502397417773, 1.56736299109073, 1.5234562705987826, 1.4823272347414733, 1.448270635421497, 1.4169237973773925, 1.387527450678636, 1.3649851877308936], "elosses": [3.4055936336517334, 2.3288629055023193, 1.9015618562698364, 1.5412325859069824, 1.4935212135314941, 1.253234624862671, 1.1317503452301025, 0.9844485521316528, 0.950606644153595, 0.848798930644989, 0.8074827194213867, 0.724518358707428, 0.6667897701263428, 0.6177207231521606, 0.586512565612793, 0.5530413389205933, 0.5227556824684143, 0.486300528049469, 0.452901691198349, 0.4095347225666046], "eacss": [0.3942771255970001, 0.5450655221939087, 0.6047845482826233, 0.658531665802002, 0.6616886258125305, 0.7121209502220154, 0.7386042475700378, 0.7706210017204285, 0.7738919854164124, 0.8005769848823547, 0.8097409605979919, 0.8310416340827942, 0.8444060683250427, 0.8556570410728455, 0.8632951378822327, 0.8703456521034241, 0.8777557611465454, 0.8860339522361755, 0.8939439058303833, 0.9042040109634399], "epps": [30.13217789046051, 10.266261184367387, 6.696345007449354, 4.670343324055691, 4.452747019751986, 3.5016511866512987, 3.1010797125761687, 2.6763356178449897, 2.587278740852514, 2.336838460664543, 2.242256487747669, 2.063736879658682, 1.9479738286126949, 1.8546958551935093, 1.7977080816550253, 1.7385324519345748, 1.6866691761538595, 1.6262886681391624, 1.5728695519925227, 1.5061168598761943], "best_acc": 0.3942771255970001, "best_loss": 0.4095347225666046, "best_ppl": 1.5061168598761943, "best_id": 19}