{"seed": 123, "max_size": 20, "split": 0.1, "bs": 30, "no_epochs": 20, "no_units": 6, "dropout": 0.1, "d_model": 256, "no_heads": 8, "warmup": 4000, "smoothing": 0.0, "exp_name": "dmodel256", "tlosses": [4.520810604095459, 2.2449188232421875, 1.5309979915618896, 1.2456059455871582, 1.037479281425476, 0.8962337970733643, 0.7895142436027527, 0.7086332440376282, 0.6466028094291687, 0.5952969789505005, 0.5542784333229065, 0.5195440649986267, 0.48993998765945435, 0.4631137251853943, 0.4364837110042572, 0.4161509871482849, 0.3972424268722534, 0.37841787934303284, 0.363962858915329, 0.350984126329422], "taccs": [0.3761250078678131, 0.617623507976532, 0.7198920249938965, 0.7584334015846252, 0.7897850871086121, 0.8124955296516418, 0.8303040266036987, 0.8446736335754395, 0.8562296628952026, 0.8666500449180603, 0.875206708908081, 0.8827833533287048, 0.8894713521003723, 0.8949868679046631, 0.900716245174408, 0.9052721261978149, 0.9097210764884949, 0.9139609932899475, 0.9174046516418457, 0.920235812664032], "tpps": [91.91007046976229, 9.43964924523683, 4.622788024387412, 3.475039846560601, 2.82209433537819, 2.4503571686980425, 2.2023263722600386, 2.031213187871439, 1.9090444128013535, 1.8135694569468201, 1.7406845115751106, 1.681260929220744, 1.632218263777828, 1.5890140430574191, 1.5472570390239837, 1.51611476543482, 1.4877165488074289, 1.459972907940636, 1.439020766373371, 1.420464777743285], "elosses": [3.712536334991455, 2.5602095127105713, 1.8677964210510254, 1.6687456369400024, 1.35535728931427, 1.1049453020095825, 1.0144901275634766, 0.8630123734474182, 0.8075292110443115, 0.7304189205169678, 0.7070125341415405, 0.64974045753479, 0.6174201369285583, 0.5799723267555237, 0.5406336784362793, 0.5064258575439453, 0.47317907214164734, 0.45063409209251404, 0.4181211292743683, 0.4005047082901001], "eacss": [0.33590859174728394, 0.5237385034561157, 0.6200168132781982, 0.6418260931968689, 0.7037286758422852, 0.7559499740600586, 0.7733219861984253, 0.8063735365867615, 0.8186067342758179, 0.8372239470481873, 0.843783438205719, 0.8572092652320862, 0.8644702434539795, 0.8730027675628662, 0.8811319470405579, 0.8888752460479736, 0.89689040184021, 0.9018275141716003, 0.9079484939575195, 0.9132013320922852], "epps": [40.9575569833564, 12.938527817624715, 6.474014667167716, 5.305508587534318, 3.878146329371664, 3.019059327811987, 2.757956832652371, 2.3702901491313164, 2.2423607363141222, 2.0759500836229807, 2.027923846810606, 1.9150437293369518, 1.8541384429498835, 1.7859890059558106, 1.7170946033325887, 1.6593498309498143, 1.605088783928811, 1.5693069552000543, 1.519104671304834, 1.4925778239721104], "best_acc": 0.9132013320922852, "best_loss": 0.4005047082901001, "best_ppl": 1.4925778239721104, "best_id": 19}