{"seed": 123, "max_size": 20, "split": 0.1, "bs": 30, "no_epochs": 20, "no_units": 6, "dropout": 0.1, "d_model": 512, "no_heads": 8, "warmup": 4000, "smoothing": 0.1, "exp_name": "smoothing1", "tlosses": [3.9595248699188232, 1.8751742839813232, 1.3624064922332764, 1.1600120067596436, 1.0038813352584839, 0.8906139731407166, 0.8046666979789734, 0.7324265241622925, 0.6757553219795227, 0.625920295715332, 0.5809890627861023, 0.540846586227417, 0.5077250003814697, 0.4749043583869934, 0.4451759159564972, 0.42002514004707336, 0.3927711248397827, 0.37072232365608215, 0.34786346554756165, 0.32998767495155334], "taccs": [0.43408095836639404, 0.6758370995521545, 0.7439101338386536, 0.7685183882713318, 0.7911579012870789, 0.8098015189170837, 0.8238220810890198, 0.8365564346313477, 0.8470935225486755, 0.8562549352645874, 0.8654056191444397, 0.8737785220146179, 0.8802555203437805, 0.8870776891708374, 0.8933369517326355, 0.8988193869590759, 0.9048064351081848, 0.9096481800079346, 0.9149147868156433, 0.9187706708908081], "tpps": [52.43240781570868, 6.52195569368828, 3.905580751597461, 3.189971577108245, 2.728852893214638, 2.436625214560787, 2.2359511275802775, 2.0801219549091576, 1.965517013637684, 1.8699660875748292, 1.7878058087763167, 1.7174602250722362, 1.661506964306419, 1.607860411768472, 1.5607647351052825, 1.5219998182847465, 1.4810793682562888, 1.448780725393004, 1.4160388984451366, 1.3909509848198576], "elosses": [3.214249610900879, 2.1190807819366455, 1.6719738245010376, 1.35487699508667, 1.1039756536483765, 1.0004814863204956, 0.8907559514045715, 0.9052165150642395, 0.7821203470230103, 0.7332758903503418, 0.6790018677711487, 0.6594776511192322, 0.6162806749343872, 0.5857462286949158, 0.5637106895446777, 0.5053949952125549, 0.49556964635849, 0.458604097366333, 0.43661800026893616, 0.4083136320114136], "eacss": [0.4221372604370117, 0.5833873748779297, 0.6616535186767578, 0.7157689929008484, 0.768165647983551, 0.7854236364364624, 0.8064349293708801, 0.7941315770149231, 0.8239033818244934, 0.8367153406143188, 0.8463879227638245, 0.8489924073219299, 0.859568178653717, 0.8660925626754761, 0.8701176643371582, 0.8833505511283875, 0.8848764300346375, 0.893040657043457, 0.8984688520431519, 0.9039672017097473], "epps": [24.88461176194968, 8.32348287428916, 5.3226634390027865, 3.876284125314606, 3.0161333207106424, 2.71959095911366, 2.4369711869381137, 2.472467191501338, 2.1861026509993846, 2.0818894907009837, 1.9719085241785956, 1.933781961698137, 1.8520269258873934, 1.7963309593217245, 1.7571807700555668, 1.6576401510881762, 1.6414330091239369, 1.5818643145481057, 1.5474648329859604, 1.5042788772036053], "best_acc": 0.4221372604370117, "best_loss": 0.4083136320114136, "best_ppl": 1.5042788772036053, "best_id": 19}