{"seed": 123, "max_size": 20, "split": 0.1, "bs": 30, "no_epochs": 20, "no_units": 6, "dropout": 0.1, "d_model": 128, "no_heads": 8, "warmup": 4000, "smoothing": 0.0, "exp_name": "dmodel128", "tlosses": [4.986382961273193, 2.5996038913726807, 1.7805546522140503, 1.4209203720092773, 1.1815705299377441, 1.0312085151672363, 0.9275954365730286, 0.8508749008178711, 0.797966480255127, 0.7566031813621521, 0.7225987315177917, 0.6952073574066162, 0.6719149947166443, 0.6501795053482056, 0.6306320428848267, 0.6137710809707642, 0.5969076156616211, 0.5849196910858154, 0.5707228779792786, 0.5573117136955261], "taccs": [0.32491928339004517, 0.5614652037620544, 0.6814099550247192, 0.7322763800621033, 0.7678874135017395, 0.7915574908256531, 0.8086610436439514, 0.8227224946022034, 0.8332352638244629, 0.8414302468299866, 0.8487414717674255, 0.8547770977020264, 0.8594817519187927, 0.8645150661468506, 0.8687121868133545, 0.8722880482673645, 0.8763578534126282, 0.8791763782501221, 0.8822447061538696, 0.8850107192993164], "tpps": [146.40590878604954, 13.458405988314624, 5.933146338879161, 4.140929882886885, 3.2594893106674863, 2.8044530115597954, 2.528422110846013, 2.341694706574496, 2.221019845485103, 2.131025206140599, 2.0597790742030817, 2.0041246009381726, 1.9579832603626586, 1.9158847097006981, 1.8787976847827221, 1.8473849175081272, 1.8164928120919352, 1.794846837651134, 1.7695457548642939, 1.7459725116779747], "elosses": [3.9946815967559814, 2.6836273670196533, 2.0190210342407227, 1.5867061614990234, 1.246668815612793, 1.0695134401321411, 0.9307875633239746, 0.8653991222381592, 0.8056546449661255, 0.7569766044616699, 0.7198631763458252, 0.706176221370697, 0.6803074479103088, 0.6602423787117004, 0.6310907006263733, 0.6122665405273438, 0.6040886044502258, 0.5844253897666931, 0.5658490657806396, 0.5575286149978638], "eacss": [0.28901904821395874, 0.4937913119792938, 0.6008909344673157, 0.6785783171653748, 0.7463563084602356, 0.7816615700721741, 0.8083202838897705, 0.8217110633850098, 0.8338214755058289, 0.8440464735031128, 0.8519213199615479, 0.8543943166732788, 0.8616640567779541, 0.8638563752174377, 0.8717136979103088, 0.8744058609008789, 0.8781328201293945, 0.8821491599082947, 0.8848939538002014, 0.8880860209465027], "epps": [54.308545853425834, 14.638094852214278, 7.530948782758238, 4.88762334342295, 3.478735325810563, 2.913961338350974, 2.53650605031906, 2.375954192914484, 2.238161220307654, 2.1318211287769264, 2.0541521348140988, 2.0262285771858477, 1.9744846901136124, 1.9352613437120918, 1.8796596075343088, 1.8446075420459414, 1.8295839740984368, 1.7939598617264052, 1.760942304010604, 1.746351256463237], "best_acc": 0.8880860209465027, "best_loss": 0.5575286149978638, "best_ppl": 1.746351256463237, "best_id": 19}