{"seed": 123, "max_size": 20, "split": 0.1, "bs": 30, "no_epochs": 20, "no_units": 6, "dropout": 0.1, "d_model": 512, "no_heads": 8, "warmup": 4000, "smoothing": 0.3, "exp_name": "smoothing3", "tlosses": [3.9876623153686523, 1.8945791721343994, 1.354842185974121, 1.1573388576507568, 0.9979749917984009, 0.8820279240608215, 0.797061562538147, 0.7280572652816772, 0.6709262132644653, 0.6191750168800354, 0.5773640275001526, 0.5391248464584351, 0.5044373869895935, 0.4720686972141266, 0.44043129682540894, 0.41609880328178406, 0.39085978269577026, 0.3681600093841553, 0.34737080335617065, 0.32799434661865234], "taccs": [0.42886102199554443, 0.6720755100250244, 0.7440880537033081, 0.7688995003700256, 0.7924782037734985, 0.8110682964324951, 0.8253300189971924, 0.8374324440956116, 0.8480949401855469, 0.8582110404968262, 0.8665781021118164, 0.8742490410804749, 0.8813531994819641, 0.8876610398292542, 0.8945201635360718, 0.899681806564331, 0.9050951600074768, 0.9099621772766113, 0.9147465825080872, 0.9191585779190063], "tpps": [53.92867366294256, 6.649749415874486, 3.876149197652586, 3.1814556946123895, 2.7127828550743773, 2.4157937886764325, 2.219010914372926, 2.0710531899031364, 1.9560481996648558, 1.857395090007229, 1.781336682125433, 1.714505749649851, 1.6560535410454402, 1.6033075227036082, 1.5533770406411653, 1.516035650768573, 1.4782512224792086, 1.445073245755871, 1.4153414414377896, 1.388181124349953], "elosses": [3.0668692588806152, 2.282801628112793, 1.546597957611084, 1.3019782304763794, 1.062706470489502, 0.9809844493865967, 0.8723452687263489, 0.8353496789932251, 0.798212468624115, 0.7209307551383972, 0.7309425473213196, 0.6633936762809753, 0.6157923340797424, 0.5996869802474976, 0.5623570680618286, 0.5278069972991943, 0.48506057262420654, 0.4527336657047272, 0.4358704090118408, 0.4054378569126129], "eacss": [0.44068434834480286, 0.5613852143287659, 0.6793500185012817, 0.7267919778823853, 0.7779872417449951, 0.7867127060890198, 0.8099514245986938, 0.8123892545700073, 0.8196502923965454, 0.8369521498680115, 0.8339267373085022, 0.8483171463012695, 0.8598750829696655, 0.8625673055648804, 0.8701878190040588, 0.8776856064796448, 0.8870599865913391, 0.8954083919525146, 0.8984250426292419, 0.9050195217132568], "epps": [21.47456601633131, 9.804109437240463, 4.695468795447317, 3.6765625665558352, 2.894193448024109, 2.6670805557825354, 2.3925153703818163, 2.3056201342704425, 2.221566257737158, 2.0563462750703527, 2.077037391378161, 1.9413695474092934, 1.851122726272356, 1.8215485304721113, 1.7548038215232071, 1.6952106277968553, 1.6242733923663297, 1.572605292011475, 1.5463083941318065, 1.4999591237636385], "best_acc": 0.44068434834480286, "best_loss": 0.4054378569126129, "best_ppl": 1.4999591237636385, "best_id": 19}