{"seed": 123, "max_size": 20, "split": 0.1, "bs": 30, "no_epochs": 15, "no_units": 6, "dropout": 0.5, "d_model": 512, "no_heads": 8, "warmup": 4000, "smoothing": 0.0, "exp_name": "dropout5", "tlosses": [4.74456262588501, 2.9653637409210205, 2.22247314453125, 1.8912203311920166, 1.691080927848816, 1.5619187355041504, 1.4761097431182861, 1.4093577861785889, 1.355987310409546, 1.3085161447525024, 1.2726874351501465, 1.2402583360671997, 1.210044503211975, 1.1828820705413818, 1.1611155271530151], "taccs": [0.3000562787055969, 0.499849796295166, 0.606056809425354, 0.6520017981529236, 0.6799691319465637, 0.6988469958305359, 0.7109630107879639, 0.7205959558486938, 0.7290670275688171, 0.736447274684906, 0.7412627339363098, 0.7469357252120972, 0.7516598701477051, 0.7559435367584229, 0.7598042488098145], "tpps": [114.9575150646302, 19.401759171878837, 9.23013010714919, 6.62745143393067, 5.425341939966793, 4.767960929933649, 4.375889192324842, 4.09332576938305, 3.8805904132010767, 3.7006783650573696, 3.570434993009294, 3.4565062896743974, 3.353633896708269, 3.263767067858479, 3.193493718818036], "elosses": [4.319258213043213, 3.02630877494812, 2.3979134559631348, 1.9670109748840332, 1.7314108610153198, 1.5598632097244263, 1.4173367023468018, 1.3417692184448242, 1.238829255104065, 1.1795920133590698, 1.1299779415130615, 1.0797452926635742, 1.0327174663543701, 0.9970346689224243, 0.9520469307899475], "eacss": [0.2662626802921295, 0.4299243986606598, 0.5292807221412659, 0.5993826389312744, 0.6386340856552124, 0.6681691408157349, 0.6983092427253723, 0.7103670835494995, 0.7326235771179199, 0.7441815733909607, 0.7540206909179688, 0.7647280693054199, 0.7737165689468384, 0.781863272190094, 0.7912288904190063], "epps": [75.1328750293354, 20.62097527399217, 11.000200016630869, 7.149275156717123, 5.6486177037117695, 4.758170329188826, 4.126116716691698, 3.8258062081628648, 3.451570190219821, 3.2530467325038095, 3.0955882153793692, 2.943929615091596, 2.8086879886441354, 2.7102331622533087, 2.591007848694932], "best_acc": 0.2662626802921295, "best_loss": 0.9520469307899475, "best_ppl": 2.591007848694932, "best_id": 14}