{"seed": 123, "max_size": 20, "split": 0.1, "bs": 30, "no_epochs": 15, "no_units": 6, "dropout": 0.3, "d_model": 512, "no_heads": 8, "warmup": 4000, "smoothing": 0.0, "exp_name": "dropout3", "tlosses": [4.3751606941223145, 2.3576486110687256, 1.6984773874282837, 1.4657937288284302, 1.2972475290298462, 1.1846410036087036, 1.105534315109253, 1.039010763168335, 0.9860164523124695, 0.9403433799743652, 0.9018698930740356, 0.8675037622451782, 0.8395603895187378, 0.8151473999023438, 0.7892628312110901], "taccs": [0.35993239283561707, 0.5975507497787476, 0.6899296641349792, 0.7191997766494751, 0.7423652410507202, 0.7593239545822144, 0.7716422080993652, 0.7823017835617065, 0.7913504242897034, 0.7990067601203918, 0.8054730892181396, 0.8113911151885986, 0.8165624141693115, 0.8208995461463928, 0.826124370098114], "tpps": [79.45260609328156, 10.566077262325354, 5.46561903265276, 4.330979499675537, 3.659210921789592, 3.2695128674352234, 3.0208381171184246, 2.8264196325408735, 2.6805351362966947, 2.560860615623806, 2.464206608662085, 2.3809599870132327, 2.315348901374355, 2.2595086991666404, 2.2017727497162674], "elosses": [3.7801694869995117, 2.36448335647583, 1.9751969575881958, 1.710112452507019, 1.4672080278396606, 1.3481659889221191, 1.2335989475250244, 1.1476728916168213, 1.0639519691467285, 0.9869552254676819, 0.9282979965209961, 0.8991471529006958, 0.8505630493164062, 0.8106265068054199, 0.7717134356498718], "eacss": [0.335022896528244, 0.5404440760612488, 0.5992335677146912, 0.6375291347503662, 0.6825245022773743, 0.7036059498786926, 0.7248013615608215, 0.7438833713531494, 0.7594664692878723, 0.7769524455070496, 0.7897030711174011, 0.7945437431335449, 0.8064173460006714, 0.8154146671295166, 0.8246575593948364], "epps": [43.82346861438013, 10.638541064095568, 7.208039192036352, 5.529583258163109, 4.337109133245207, 3.8503574529891633, 3.4335645450724903, 3.1508519973561007, 2.8978004078429023, 2.6830527322651134, 2.53019910310135, 2.457506340017842, 2.340964559418939, 2.2493167575842827, 2.1634700464786087], "best_acc": 0.335022896528244, "best_loss": 0.7717134356498718, "best_ppl": 2.1634700464786087, "best_id": 14}