{"seed": 123, "max_size": 20, "split": 0.1, "bs": 30, "no_epochs": 20, "no_units": 6, "dropout": 0.1, "d_model": 512, "no_heads": 8, "warmup": 4000, "smoothing": 0.0, "exp_name": "nounits6", "tlosses": [3.9890806674957275, 1.900771141052246, 1.3547744750976562, 1.150633454322815, 0.9917575716972351, 0.8782631754875183, 0.7904829978942871, 0.7200855016708374, 0.6629065871238708, 0.6100085377693176, 0.5696019530296326, 0.5317583084106445, 0.49805012345314026, 0.4650138318538666, 0.4364241659641266, 0.4103209376335144, 0.38648533821105957, 0.3638724982738495, 0.34474146366119385, 0.32474401593208313], "taccs": [0.4287433624267578, 0.6712802648544312, 0.7446120977401733, 0.769976794719696, 0.793557345867157, 0.8122165203094482, 0.8267504572868347, 0.8395499587059021, 0.8496942520141602, 0.8599737286567688, 0.8679869174957275, 0.8757511377334595, 0.8825305700302124, 0.8891797065734863, 0.8954068422317505, 0.9010798335075378, 0.906361997127533, 0.9111464023590088, 0.9154096245765686, 0.9202173352241516], "tpps": [54.00521778236791, 6.691052198377836, 3.8758867490785165, 3.160194114409667, 2.695968669014837, 2.4067160309167424, 2.2044609191433153, 2.0546088756257395, 1.9404241576160677, 1.840447112027443, 1.767563338155872, 1.7019221833765739, 1.6455095999603762, 1.5920362095470084, 1.5471649102844347, 1.5073014572570902, 1.4717988177045622, 1.438890741408477, 1.4116249161487668, 1.383676401528274], "elosses": [3.088012218475342, 2.1186790466308594, 1.7789386510849, 1.3518708944320679, 1.0939687490463257, 0.9810324311256409, 0.8810091614723206, 0.7888085842132568, 0.8815479278564453, 0.7447078824043274, 0.6964956521987915, 0.6393722295761108, 0.6076095700263977, 0.5697463750839233, 0.543638288974762, 0.5120171904563904, 0.48288848996162415, 0.45831063389778137, 0.4225274324417114, 0.40673553943634033], "eacss": [0.4438500702381134, 0.5846765041351318, 0.6333812475204468, 0.7142693996429443, 0.7696213126182556, 0.7871862649917603, 0.8067155480384827, 0.8260255455970764, 0.7942280173301697, 0.8315326571464539, 0.8421961665153503, 0.8541575074195862, 0.8625234365463257, 0.8701089024543762, 0.8750547766685486, 0.8823245763778687, 0.8884806036949158, 0.8946805000305176, 0.9035024642944336, 0.9043881297111511], "epps": [21.933435736186198, 8.320139708930194, 5.923566110610833, 3.864649121825654, 2.986101674819971, 2.667208530015962, 2.413333921566042, 2.2007728281776697, 2.414634495077834, 2.1058261962387212, 2.0067081680651393, 1.8952906983187505, 1.836037230469865, 1.7678186317188243, 1.7222615623359312, 1.6686537948134053, 1.6207491651335044, 1.5814001632686336, 1.5258130758076147, 1.5019068580018642], "best_acc": 0.9043881297111511, "best_loss": 0.40673553943634033, "best_ppl": 1.5019068580018642, "best_id": 19}