{"seed": 123, "max_size": 20, "split": 0.1, "bs": 30, "no_epochs": 15, "no_units": 6, "dropout": 0.0, "d_model": 512, "no_heads": 8, "warmup": 4000, "smoothing": 0.0, "exp_name": "dropout0", "tlosses": [3.618753433227539, 1.625812292098999, 1.1718066930770874, 1.0055173635482788, 0.8479765057563782, 0.7278831601142883, 0.6379098892211914, 0.5614568591117859, 0.49688640236854553, 0.44302448630332947, 0.3906565010547638, 0.3473649024963379, 0.3100700080394745, 0.27680304646492004, 0.24773897230625153], "taccs": [0.4935944080352783, 0.715134859085083, 0.7730996012687683, 0.793639063835144, 0.8179964423179626, 0.8385611772537231, 0.8551164269447327, 0.8693577647209167, 0.8822184801101685, 0.8935615420341492, 0.9046226739883423, 0.9143771529197693, 0.9227879643440247, 0.9305988550186157, 0.9375017285346985], "tpps": [37.2910530485511, 5.082545872710423, 3.227819052008553, 2.733321027747262, 2.334917376635771, 2.070692640228528, 1.8925211637409245, 1.7532248422297794, 1.6435957995249384, 1.5574104691000428, 1.4779507516860158, 1.4153330897309693, 1.3635205681926252, 1.3189065821388355, 1.2811254793159201], "elosses": [2.7446353435516357, 1.9041897058486938, 1.5922486782073975, 1.2329416275024414, 1.1344083547592163, 0.8967202305793762, 0.8184026479721069, 0.7102388143539429, 0.6623789072036743, 0.5947560667991638, 0.596339225769043, 0.558510959148407, 0.519359827041626, 0.48174169659614563, 0.4373653531074524], "eacss": [0.5091201066970825, 0.6382657885551453, 0.667756974697113, 0.7347808480262756, 0.7490485310554504, 0.8047599792480469, 0.8186856508255005, 0.8417840003967285, 0.850167453289032, 0.8646105527877808, 0.8624883890151978, 0.8719329237937927, 0.8804829716682434, 0.8882350921630859, 0.8990651965141296], "epps": [15.558939230069143, 6.71396513624129, 4.914788289009435, 3.4313083359551335, 3.1093333763018, 2.451549394472367, 2.2668759450990965, 2.0344770629613227, 1.9394005048556855, 1.8125887404549104, 1.8154606293065214, 1.7480676172953054, 1.6809512056742522, 1.6188915660885377, 1.548621767486689], "best_acc": 0.5091201066970825, "best_loss": 0.4373653531074524, "best_ppl": 1.548621767486689, "best_id": 14}