{"seed": 123, "max_size": 20, "split": 0.1, "bs": 30, "no_epochs": 20, "no_units": 1, "dropout": 0.1, "d_model": 512, "no_heads": 8, "warmup": 4000, "smoothing": 0.0, "exp_name": "nounits1", "tlosses": [3.9424972534179688, 1.776485562324524, 1.2398658990859985, 1.0052274465560913, 0.8071353435516357, 0.671144425868988, 0.5788458585739136, 0.5145167112350464, 0.4634864032268524, 0.42149031162261963, 0.38936281204223633, 0.36207759380340576, 0.33715003728866577, 0.3159925043582916, 0.29699769616127014, 0.28244030475616455, 0.2674581706523895, 0.2548440396785736, 0.24472397565841675, 0.23604509234428406], "taccs": [0.44190841913223267, 0.6921201348304749, 0.7631614208221436, 0.7951012849807739, 0.8271004557609558, 0.8510943055152893, 0.8689931631088257, 0.8819812536239624, 0.8926729559898376, 0.9026208519935608, 0.9093769192695618, 0.9154125452041626, 0.9212275147438049, 0.9259564280509949, 0.9304209351539612, 0.9336225390434265, 0.9370729923248291, 0.9399877786636353, 0.9423502683639526, 0.944809079170227], "tpps": [51.54716704217645, 5.90905288555613, 3.45515009490847, 2.7325287063954757, 2.241477717220909, 1.9564750806107842, 1.783978278890549, 1.672829846535758, 1.5896063440607688, 1.5242314436142597, 1.4760399792766326, 1.4363103864223499, 1.4009492425967256, 1.3716199744156223, 1.3458121989102592, 1.3263625951949065, 1.3066389728371666, 1.2902603757572446, 1.277268707289263, 1.2662314062220854], "elosses": [2.771240472793579, 1.6089491844177246, 1.226433277130127, 0.947626531124115, 0.781489372253418, 0.6820497512817383, 0.5551455616950989, 0.4866178631782532, 0.43207305669784546, 0.3900967538356781, 0.35036054253578186, 0.31774285435676575, 0.28827545046806335, 0.26374268531799316, 0.24241645634174347, 0.22336553037166595, 0.20860692858695984, 0.19648060202598572, 0.18535149097442627, 0.17347891628742218], "eacss": [0.51884526014328, 0.686619758605957, 0.746435284614563, 0.8010066747665405, 0.8290421962738037, 0.847440242767334, 0.8784923553466797, 0.892453134059906, 0.9044407606124878, 0.9130434393882751, 0.9223477244377136, 0.9284949898719788, 0.9349404573440552, 0.940947413444519, 0.945384681224823, 0.9487345814704895, 0.9527596831321716, 0.9552501440048218, 0.9576354026794434, 0.9606783986091614], "epps": [15.978442544540012, 4.9975569569585385, 3.4090486944163705, 2.579579835268303, 2.1847237104669572, 1.9779278400809233, 1.74219456311178, 1.6268048285566914, 1.540447651068917, 1.4771237043531302, 1.4195792750497067, 1.374022891795474, 1.3341247387997919, 1.3017931827019382, 1.2743247829620161, 1.250277504620788, 1.2319606548302557, 1.2171117111478589, 1.2036414348847282, 1.1894356087867355], "best_acc": 0.9606783986091614, "best_loss": 0.17347891628742218, "best_ppl": 1.1894356087867355, "best_id": 19}