{"seed": 123, "max_size": 20, "split": 0.1, "bs": 30, "no_epochs": 20, "no_units": 4, "dropout": 0.1, "d_model": 512, "no_heads": 8, "warmup": 4000, "smoothing": 0.0, "exp_name": "nounits4", "tlosses": [3.9387056827545166, 1.8549559116363525, 1.324702262878418, 1.1172828674316406, 0.955387532711029, 0.8411112427711487, 0.7528881430625916, 0.6833531856536865, 0.6238192915916443, 0.5776825547218323, 0.5331878066062927, 0.49690476059913635, 0.4647500514984131, 0.43313443660736084, 0.4071480929851532, 0.3817403018474579, 0.3582390248775482, 0.3386895954608917, 0.3198864758014679, 0.3028940260410309], "taccs": [0.4392065703868866, 0.6795938611030579, 0.7496083974838257, 0.7752735018730164, 0.8001714944839478, 0.8191446661949158, 0.8346343636512756, 0.8467610478401184, 0.8580467700958252, 0.8672927021980286, 0.876071035861969, 0.8837624192237854, 0.8902180194854736, 0.8969449400901794, 0.9026821255683899, 0.9083988666534424, 0.9133660197257996, 0.9179180264472961, 0.9220743179321289, 0.9261265993118286], "tpps": [51.35209236923835, 6.3914164573160495, 3.761065379498869, 3.056537891497254, 2.5996778479370573, 2.3189424535643166, 2.1231230533710193, 1.9805076201346739, 1.8660414054440488, 1.7819041767261077, 1.7043568178050148, 1.643625973312592, 1.5916163170518896, 1.5420835192426579, 1.5025266028362945, 1.4648316216663364, 1.430807578216245, 1.4031077465969282, 1.3769714358839336, 1.353770992368672], "elosses": [2.99267840385437, 2.0725064277648926, 1.6803710460662842, 1.2475377321243286, 1.0738136768341064, 1.0469551086425781, 0.8282405138015747, 0.7365403771400452, 0.6860869526863098, 0.6373723149299622, 0.6008245348930359, 0.5622889399528503, 0.5224327445030212, 0.48861193656921387, 0.4509236216545105, 0.4282236397266388, 0.39724066853523254, 0.3725859820842743, 0.3446245789527893, 0.3239247798919678], "eacss": [0.45295262336730957, 0.5875791311264038, 0.6587421298027039, 0.7366399168968201, 0.7683497667312622, 0.7668765187263489, 0.818966269493103, 0.8371801376342773, 0.8473876118659973, 0.8572092652320862, 0.8653997778892517, 0.8736692667007446, 0.8809390068054199, 0.8886121511459351, 0.8971710205078125, 0.9008453488349915, 0.90826416015625, 0.9140782356262207, 0.9198835492134094, 0.9245049357414246], "epps": [19.939015772345588, 7.944711027937324, 5.3675472089561245, 3.481759370005121, 2.926519043046116, 2.8489631145970487, 2.289287225329602, 2.0886968967390698, 1.9859292739671597, 1.8915040664248686, 1.8236218204817893, 1.754684274129534, 1.686124574582816, 1.6300520332838773, 1.569761381737215, 1.5345292242921498, 1.4877139329026445, 1.4514832753352607, 1.411459928424525, 1.3825433081511234], "best_acc": 0.9245049357414246, "best_loss": 0.3239247798919678, "best_ppl": 1.3825433081511234, "best_id": 19}