{"seed": 123, "max_size": 20, "split": 0.1, "bs": 30, "no_epochs": 20, "no_units": 6, "dropout": 0.1, "d_model": 512, "no_heads": 8, "warmup": 4000, "smoothing": 0.0, "exp_name": "dmodel512", "tlosses": [3.979179859161377, 1.900038242340088, 1.3587214946746826, 1.169244408607483, 1.0029957294464111, 0.8933082818984985, 0.8090623021125793, 0.7388128638267517, 0.6778164505958557, 0.6285128593444824, 0.5864081978797913, 0.5476096868515015, 0.5115461945533752, 0.4818635880947113, 0.45144858956336975, 0.42251554131507874, 0.3986666202545166, 0.37633684277534485, 0.3556291162967682, 0.33712464570999146], "taccs": [0.42942100763320923, 0.6715933084487915, 0.7438343167304993, 0.7667829990386963, 0.7917042970657349, 0.8088204860687256, 0.8230783343315125, 0.8358117341995239, 0.8467843532562256, 0.8559690713882446, 0.8639939427375793, 0.8722034692764282, 0.8794407844543457, 0.8853111863136292, 0.8917162418365479, 0.8979657888412476, 0.9031438827514648, 0.9080906510353088, 0.912621259689331, 0.9167114496231079], "tpps": [53.47316071584775, 6.686150131417367, 3.8912151808655557, 3.2195590481398315, 2.7264372750327466, 2.4431990872603957, 2.245801116064687, 2.0934488299369463, 1.9695723748752476, 1.8748203834577297, 1.7975204687284823, 1.7291149480007895, 1.667868050768136, 1.619088907234403, 1.5705856724313438, 1.525794932278986, 1.4898368543751135, 1.4569378101015176, 1.4270781700645248, 1.4009136707354282], "elosses": [3.1679739952087402, 2.0938193798065186, 1.6977237462997437, 1.4293361902236938, 1.1699265241622925, 1.1711838245391846, 0.9193239808082581, 0.8239954710006714, 0.7983056306838989, 0.7482552528381348, 0.7050468325614929, 0.6712309122085571, 0.6277362704277039, 0.5848045945167542, 0.5493027567863464, 0.5155425667762756, 0.4927894175052643, 0.4647008180618286, 0.43290916085243225, 0.417330265045166], "eacss": [0.4298454821109772, 0.5880439281463623, 0.6438167691230774, 0.6977831125259399, 0.744330644607544, 0.7346405386924744, 0.7997702360153198, 0.8176771402359009, 0.821842610836029, 0.830690860748291, 0.8403896689414978, 0.846686065196991, 0.8573495745658875, 0.8671536445617676, 0.8750898838043213, 0.8814388513565063, 0.8863145709037781, 0.8927425146102905, 0.8990914821624756, 0.9025202989578247], "epps": [23.75929910730964, 8.115853571174334, 5.461501469134319, 4.175926251001875, 3.2217559086173675, 3.22580917108579, 2.5075946347211624, 2.2795897008405346, 2.2217732330666498, 2.1133096071938784, 2.023941469066146, 1.9566442962962816, 1.8733649839237045, 1.7946402688260394, 1.7320449401740714, 1.6745468088304276, 1.6368757877060571, 1.59153795823983, 1.5417361643404854, 1.517903740709005], "best_acc": 0.9025202989578247, "best_loss": 0.417330265045166, "best_ppl": 1.517903740709005, "best_id": 19}