{"seed": 123, "max_size": 20, "split": 0.1, "bs": 30, "no_epochs": 20, "no_units": 8, "dropout": 0.1, "d_model": 512, "no_heads": 8, "warmup": 4000, "smoothing": 0.0, "exp_name": "nounits8", "tlosses": [4.022024154663086, 1.9499467611312866, 1.3815065622329712, 1.182159662246704, 1.0275717973709106, 0.9140664935112, 0.8262345790863037, 0.7561506032943726, 0.6963903307914734, 0.6441096067428589, 0.6018953323364258, 0.5601661801338196, 0.5246512293815613, 0.4920511841773987, 0.4605342149734497, 0.4318189024925232, 0.40698736906051636, 0.3827905058860779, 0.3610575795173645, 0.34062838554382324], "taccs": [0.42246660590171814, 0.6625709533691406, 0.7402350902557373, 0.7642862796783447, 0.7867575287818909, 0.8048703074455261, 0.8198680281639099, 0.8315834403038025, 0.8427369594573975, 0.852165699005127, 0.8603956699371338, 0.8689182996749878, 0.8761332631111145, 0.8821796178817749, 0.8892672061920166, 0.8954399228096008, 0.9003876447677612, 0.9060479998588562, 0.910857617855072, 0.9153746366500854], "tpps": [55.81396766626848, 7.028313391174762, 3.9808945774089786, 3.2614101468888927, 2.794272530372595, 2.494445583555599, 2.284699667320296, 2.130060969083145, 2.0064968298662156, 1.9042907065820736, 1.8255755959270628, 1.7509634514609567, 1.6898693688036504, 1.6356678373754523, 1.5849204471125562, 1.5400561895682194, 1.5022851302695446, 1.466370801836457, 1.4348460762446191, 1.4058307167621416], "elosses": [3.1310837268829346, 2.369082450866699, 1.885804533958435, 1.5578258037567139, 1.3962266445159912, 1.2509618997573853, 1.0885956287384033, 1.0115182399749756, 0.8879404067993164, 0.8688440322875977, 0.7787753343582153, 0.749620795249939, 0.7320363521575928, 0.6655890941619873, 0.6199272871017456, 0.5897587537765503, 0.5591861009597778, 0.5422708988189697, 0.5073641538619995, 0.4817453920841217], "eacss": [0.430941641330719, 0.5452321171760559, 0.6062753200531006, 0.6597593426704407, 0.6862163543701172, 0.7190662026405334, 0.7493641972541809, 0.7659996151924133, 0.795113742351532, 0.7982531189918518, 0.821290135383606, 0.8273848295211792, 0.8290860652923584, 0.8456776142120361, 0.8569286465644836, 0.862453281879425, 0.8685567378997803, 0.8725116848945618, 0.8809740543365479, 0.8868407607078552], "epps": [22.898782126176553, 10.687581402763339, 6.5916555199886435, 4.748485873498686, 4.039927088931379, 3.493701932745579, 2.970100019177781, 2.7497726622126937, 2.430119436090953, 2.3841532557992595, 2.178802326591061, 2.1161973923395823, 2.0793105078682443, 1.9456363468174043, 1.8587928787148842, 1.8035532624971027, 1.74924820932152, 1.7199081682005697, 1.6609075234608495, 1.618897548693909], "best_acc": 0.8868407607078552, "best_loss": 0.4817453920841217, "best_ppl": 1.618897548693909, "best_id": 19}