{"seed": 123, "max_size": 20, "split": 0.1, "bs": 30, "no_epochs": 20, "no_units": 6, "dropout": 0.1, "d_model": 512, "no_heads": 8, "warmup": 4000, "smoothing": 0.0, "exp_name": "smoothing0", "tlosses": [3.980091094970703, 1.8935420513153076, 1.3543956279754639, 1.1651915311813354, 1.001382827758789, 0.8901114463806152, 0.8059274554252625, 0.7346646189689636, 0.674994945526123, 0.6250975131988525, 0.5788449048995972, 0.539526104927063, 0.5041576623916626, 0.4723874032497406, 0.44136661291122437, 0.4159587621688843, 0.39035019278526306, 0.36800524592399597, 0.34837594628334045, 0.3290921151638031], "taccs": [0.42967087030410767, 0.671958863735199, 0.7445353269577026, 0.7676968574523926, 0.7918335795402527, 0.8092978596687317, 0.8236247301101685, 0.8360188007354736, 0.8474357724189758, 0.8565884232521057, 0.8654736876487732, 0.8737561106681824, 0.8805608153343201, 0.8876522779464722, 0.8940301537513733, 0.899438738822937, 0.9050942063331604, 0.9098708033561707, 0.9143314361572266, 0.9187725782394409], "tpps": [53.521909582213006, 6.642856397377889, 3.874418658646161, 3.2065369762070066, 2.7220433441924343, 2.4354010527989165, 2.2387718973935495, 2.0847826786790247, 1.9640230488415649, 1.8684281449544746, 1.7839765775570946, 1.7151938476447506, 1.6555903669181375, 1.6038185879234985, 1.5548306188461842, 1.5158233583140264, 1.4774981124759652, 1.4448496185252826, 1.416764777085226, 1.3897058626750016], "elosses": [3.190840721130371, 2.2690963745117188, 1.6383479833602905, 1.4439395666122437, 1.1323102712631226, 1.0066641569137573, 0.9281228184700012, 0.8294149041175842, 0.8154125809669495, 0.7094287276268005, 0.6962108612060547, 0.6560606956481934, 0.6399713158607483, 0.5725530385971069, 0.5707901120185852, 0.5230292677879333, 0.48996439576148987, 0.4627388119697571, 0.4338390529155731, 0.40166017413139343], "eacss": [0.41767367720603943, 0.5621656775474548, 0.6615395545959473, 0.689706563949585, 0.7604924440383911, 0.7808723449707031, 0.7982969880104065, 0.8179051876068115, 0.817440390586853, 0.8427749276161194, 0.8434589505195618, 0.8505358099937439, 0.8536313772201538, 0.87052983045578, 0.8679516315460205, 0.8790097832679749, 0.8862882852554321, 0.8918567895889282, 0.8982671499252319, 0.9055106043815613], "epps": [24.30885582335167, 9.670658211400148, 5.146660117186344, 4.237356325361034, 3.1028165740493097, 2.7364573801979692, 2.5297559065741253, 2.2919773213797883, 2.2601079575414467, 2.032829627468848, 2.0061367570240436, 1.9271855910148035, 1.8964264811635068, 1.7727872731610708, 1.7696647325727626, 1.6871306872077865, 1.6322581036139598, 1.5884184123547318, 1.5431704793388752, 1.4943034434183549], "best_acc": 0.41767367720603943, "best_loss": 0.40166017413139343, "best_ppl": 1.4943034434183549, "best_id": 19}