{"seed": 123, "max_size": 20, "split": 0.1, "bs": 30, "no_epochs": 15, "no_units": 6, "dropout": 0.1, "d_model": 512, "no_heads": 8, "warmup": 4000, "smoothing": 0.0, "exp_name": "dropout1", "tlosses": [3.9731099605560303, 1.8974295854568481, 1.3638651371002197, 1.1600261926651, 1.0057765245437622, 0.8939717411994934, 0.8102988600730896, 0.7393641471862793, 0.6763769388198853, 0.625862717628479, 0.5828752517700195, 0.5416901707649231, 0.5100476741790771, 0.4765954613685608, 0.4455728232860565], "taccs": [0.4315579831600189, 0.6722193956375122, 0.7431897521018982, 0.7687439918518066, 0.7909371852874756, 0.8091384172439575, 0.8228051662445068, 0.8356688022613525, 0.8465276956558228, 0.8561732769012451, 0.8647395968437195, 0.8731222152709961, 0.8796313405036926, 0.8867062926292419, 0.89296555519104], "tpps": [53.149567135835774, 6.668730990014467, 3.911281763778478, 3.190016830064423, 2.7340294897446813, 2.444820588259501, 2.2485798970202544, 2.0946032316128935, 1.966739191937332, 1.8698584216046565, 1.7911811306449759, 1.7189096592360575, 1.6653705882290195, 1.610581769704466, 1.5613843370225005], "elosses": [3.0767388343811035, 2.1774401664733887, 1.733774185180664, 1.3860493898391724, 1.1228495836257935, 0.9776270985603333, 0.9011168479919434, 0.8236912488937378, 0.755638062953949, 0.7052435278892517, 0.6868083477020264, 0.6516634225845337, 0.6052739024162292, 0.5746670365333557, 0.548855185508728], "eacss": [0.4461914896965027, 0.577704906463623, 0.6445884704589844, 0.7033340930938721, 0.7620270848274231, 0.7895364165306091, 0.8039181232452393, 0.8189136385917664, 0.8326376080513, 0.8427311182022095, 0.8454934358596802, 0.8506673574447632, 0.862637460231781, 0.8701527714729309, 0.8734938502311707], "epps": [21.687560219201533, 8.82369014646414, 5.661983005481298, 3.999020234889184, 3.0736002169766143, 2.6581412452724766, 2.4623516485161394, 2.2788963047373603, 2.1289695066420875, 2.0243396080515246, 1.9873624303207378, 1.9187298344870125, 1.8317538619893745, 1.77653890587268, 1.7312699000630893], "best_acc": 0.4461914896965027, "best_loss": 0.548855185508728, "best_ppl": 1.7312699000630893, "best_id": 14}